File,OriginalBytes,NewBytes,OriginalKB,NewKB,SavedKB,SavedPercent
images/Alatar/alatar_throne.webp,480978,507750,469.71,495.85,-26.14,-5.57
images/Alatar/Alekin_Anger.webp,86242,83394,84.22,81.44,2.78,3.30
images/Alatar/Alekin_Disgust.webp,79980,77856,78.11,76.03,2.07,2.66
images/Alatar/Alekin_Fear.webp,85084,83280,83.09,81.33,1.76,2.12
images/Alatar/Alekin_Neutral.webp,77170,75584,75.36,73.81,1.55,2.06
images/Alatar/Alekin_Sadness.webp,85204,83168,83.21,81.22,1.99,2.39
images/Alatar/queen_of_alatar.Avatar.webp,134336,130330,131.19,127.28,3.91,2.98
images/Alatar/queen_of_alatar.Token.webp,23592,20318,23.04,19.84,3.20,13.88
images/Briarmurk/asira_priestess_of_the_entangled_flora.Avatar.webp,90144,89144,88.03,87.05,0.98,1.11
images/Briarmurk/asira_priestess_of_the_entangled_flora.Token.webp,44616,42902,43.57,41.90,1.67,3.84
images/Briarmurk/Briarmurk Camp.webp,1599902,272466,1562.40,266.08,1296.32,82.97
images/Briarmurk/rashai_priestess_of_the_crying_moon.Avatar.webp,53374,53050,52.12,51.81,0.32,0.61
images/Briarmurk/rashai_priestess_of_the_crying_moon.Token.webp,45426,44304,44.36,43.27,1.10,2.47
images/Briarmurk/terina_priestess_of_the_eternal_dream.Avatar.webp,46244,45346,45.16,44.28,0.88,1.94
images/Briarmurk/terina_priestess_of_the_eternal_dream.Token.webp,48620,46686,47.48,45.59,1.89,3.98
images/Briarmurk/The Apex of Terrateotl.webp,4176290,459296,4078.41,448.53,3629.88,89.00
images/Briarmurk/Token_Selector_Final_Final.webp,378210,141206,369.35,137.90,231.45,62.66
images/Briarmurk/twisted_magic_orb_bramble_.Avatar.webp,32990,32588,32.22,31.82,0.39,1.22
images/Briarmurk/twisted_magic_orb_bramble_.Token.webp,11942,11154,11.66,10.89,0.77,6.60
images/Briarmurk/twisted_magic_orb_mist_.Avatar.webp,12408,11848,12.12,11.57,0.55,4.51
images/Briarmurk/twisted_magic_orb_mist_.Token.webp,4922,4392,4.81,4.29,0.52,10.77
images/Briarmurk/twisted_magic_orb_moon_.Avatar.webp,16408,15708,16.02,15.34,0.68,4.27
images/Briarmurk/twisted_magic_orb_moon_.Token.webp,6090,5452,5.95,5.32,0.62,10.48
images/Dino Brawl/ankylosaurus.Token.Blue.webp,54546,53686,53.27,52.43,0.84,1.58
images/Dino Brawl/ankylosaurus.Token.Red.webp,56718,55850,55.39,54.54,0.85,1.53
images/Dino Brawl/Ankylosaurus.webp,56502,55984,55.18,54.67,0.51,0.92
images/Dino Brawl/brontosaurus.Token.Blue.webp,51342,50062,50.14,48.89,1.25,2.49
images/Dino Brawl/brontosaurus.Token.Red.webp,52606,51484,51.37,50.28,1.10,2.13
images/Dino Brawl/Brontosaurus.webp,118708,90920,115.93,88.79,27.14,23.41
images/Dino Brawl/Carnotarus.webp,72114,71306,70.42,69.63,0.79,1.12
images/Dino Brawl/carnotaurus.Token.Blue.webp,50010,48200,48.84,47.07,1.77,3.62
images/Dino Brawl/carnotaurus.Token.Red.webp,49186,47380,48.03,46.27,1.76,3.67
images/Dino Brawl/iguanodon.Token.Blue.webp,55238,54020,53.94,52.75,1.19,2.21
images/Dino Brawl/iguanodon.Token.Red.webp,55566,54272,54.26,53.00,1.26,2.33
images/Dino Brawl/Iguanodon.webp,52470,51972,51.24,50.75,0.49,0.95
images/Dino Brawl/majungasaurus.Token.Blue.webp,47780,45824,46.66,44.75,1.91,4.09
images/Dino Brawl/majungasaurus.Token.Red.webp,47940,46136,46.82,45.05,1.76,3.76
images/Dino Brawl/Majungasaurus.webp,21496,20962,20.99,20.47,0.52,2.48
images/Dino Brawl/pachycephalosaurus.Token.Blue.webp,56520,55280,55.20,53.98,1.21,2.19
images/Dino Brawl/pachycephalosaurus.Token.Red.webp,55102,53646,53.81,52.39,1.42,2.64
images/Dino Brawl/Pachycephalosaurus.webp,150490,115902,146.96,113.19,33.78,22.98
images/Dino Brawl/stegosaurus.Token.Blue.webp,66500,65182,64.94,63.65,1.29,1.98
images/Dino Brawl/stegosaurus.Token.Red.webp,64008,62524,62.51,61.06,1.45,2.32
images/Dino Brawl/Stegosaurus.webp,156254,129656,152.59,126.62,25.97,17.02
images/Dino Brawl/therizinosaurus.Token.Blue.webp,51282,49698,50.08,48.53,1.55,3.09
images/Dino Brawl/therizinosaurus.Token.Red.webp,51478,50290,50.27,49.11,1.16,2.31
images/Dino Brawl/Therizinosaurus.webp,93386,91870,91.20,89.72,1.48,1.62
images/Dino Brawl/triceratops.Token.Blue.webp,53682,52420,52.42,51.19,1.23,2.35
images/Dino Brawl/triceratops.Token.Red.webp,52364,50952,51.14,49.76,1.38,2.70
images/Dino Brawl/Triceratops.webp,155728,128102,152.08,125.10,26.98,17.74
images/Dino Brawl/tyrannosaurus.Token.Blue.webp,58730,57514,57.35,56.17,1.19,2.07
images/Dino Brawl/tyrannosaurus.Token.Red.webp,58896,57470,57.52,56.12,1.39,2.42
images/Dino Brawl/Tyrannosaurus.webp,150364,124584,146.84,121.66,25.18,17.15
images/Covalon Basics/BrawlArena copy.webp,11229256,1421400,10966.07,1388.09,9577.98,87.34
images/Covalon Basics/BrawlArena.webp,2011172,1427800,1964.04,1394.34,569.70,29.01
images/Covalon Basics/Covalon_Banner.webp,43246,41518,42.23,40.54,1.69,4.00
images/Covalon Basics/DungeoneeringSociety.webp,2329976,1809862,2275.37,1767.44,507.92,22.32
images/Covalon Basics/DungeoneeringSocietyContract.webp,163488,159406,159.66,155.67,3.99,2.50
images/Covalon Basics/MawOutpost.webp,1355834,982758,1324.06,959.72,364.33,27.52
images/Covalon Basics/NorthGate.webp,2015034,1470662,1967.81,1436.19,531.61,27.02
images/Covalon Basics/SouthEastGate.webp,2984048,2204976,2914.11,2153.30,760.81,26.11
images/Covalon Basics/Updated_Dungeoneering_Society_with_Archive.webp,10052558,1856036,9816.95,1812.54,8004.42,81.54
images/Covalon Basics/Updated_Dungeoneering_Society_with_Archive_Gridless.webp,9786344,1469034,9556.98,1434.60,8122.37,84.99
images/Fey Courts/fallen_noble_artwork.webp,388790,41014,379.68,40.05,339.63,89.45
images/Fey Courts/fallen_noble_damaged_token.webp,92134,39126,89.97,38.21,51.77,57.53
images/Fey Courts/fallen_noble_token.webp,88508,38228,86.43,37.33,49.10,56.81
images/Fey Courts/Fey Courts Camp.webp,1005520,841328,981.95,821.61,160.34,16.33
images/Fey Courts/feycourts-finale-throne-room.webp,373624,342882,364.87,334.85,30.02,8.23
images/Fey Courts/Lethallica-web.webp,392190,134002,383.00,130.86,252.14,65.83
images/Fey Courts/lethallica_token.webp,137288,70172,134.07,68.53,65.54,48.89
images/Fey Courts/magnetism_breaker_tower_map.webp,287992,256132,281.24,250.13,31.11,11.06
images/Fey Courts/masked_core_token.webp,13624,6940,13.30,6.78,6.53,49.06
images/Drifthaven/Drifthaven_Camp.webp,1394902,1202654,1362.21,1174.47,187.74,13.78
images/Drifthaven/Drifthaven_Finale (overhead walls).png,1662356,194224,1623.39,189.67,1433.72,88.32
images/Drifthaven/Drifthaven_Finale.jpg,1989193,757134,1942.57,739.39,1203.18,61.94
images/Drifthaven/Lich Faltyr.webp,972932,208608,950.13,203.72,746.41,78.56
images/Drifthaven/lurching_troop_tier_5.Token.webp,33092,31906,32.32,31.16,1.16,3.58
images/Drifthaven/Quick Soul Cage.webp,140488,35886,137.20,35.04,102.15,74.46
images/Drifthaven/skeleton_sorcerer_troop_tier_5.Token.webp,31752,30280,31.01,29.57,1.44,4.64
images/Dragon Brawl/Adamantine Dragon 1-2 BLUE.webp,102370,99836,99.97,97.50,2.47,2.48
images/Dragon Brawl/Adamantine Dragon 1-2 RED.webp,104558,101836,102.11,99.45,2.66,2.60
images/Dragon Brawl/Brine Dragon 1-4 BLUE.webp,159974,154964,156.22,151.33,4.89,3.13
images/Dragon Brawl/Brine Dragon 1-4 RED.webp,162324,158224,158.52,154.52,4.00,2.53
images/Dragon Brawl/Conspirator Dragon 1-2 BLUE.webp,149314,148606,145.81,145.12,0.69,0.47
images/Dragon Brawl/Conspirator Dragon 1-2 RED.webp,153006,151490,149.42,147.94,1.48,0.99
images/Dragon Brawl/Conspirator Human 1-3 BLUE.webp,41930,41048,40.95,40.09,0.86,2.10
images/Dragon Brawl/Conspirator Human 1-3 RED.webp,42212,41266,41.22,40.30,0.92,2.24
images/Dragon Brawl/Crystal Dragon 1-4 BLUE.webp,156288,152776,152.63,149.20,3.43,2.25
images/Dragon Brawl/Crystal Dragon 1-4 RED.webp,158580,154936,154.86,151.30,3.56,2.30
images/Dragon Brawl/Diabolic Dragon 1-3 BLUE.webp,154684,150622,151.06,147.09,3.97,2.63
images/Dragon Brawl/Diabolic Dragon 1-3 RED.webp,155870,151460,152.22,147.91,4.31,2.83
images/Dragon Brawl/Empyreal Dragon 1-3 BLUE.webp,156300,153418,152.64,149.82,2.81,1.84
images/Dragon Brawl/Empyreal Dragon 1-3 RED.webp,157378,154232,153.69,150.62,3.07,2.00
images/Dragon Brawl/Ice Dragon 1-6 BLUE.webp,175472,172484,171.36,168.44,2.92,1.70
images/Dragon Brawl/Ice Dragon 1-6 RED.webp,175784,173558,171.66,169.49,2.17,1.27
images/Dragon Brawl/Magma Dragon 1-4 BLUE.webp,182038,177650,177.77,173.49,4.29,2.41
images/Dragon Brawl/Magma Dragon 1-4 RED.webp,183926,178406,179.62,174.22,5.39,3.00
images/Dragon Brawl/Omen Dragon 1-2 BLUE.webp,170482,169172,166.49,165.21,1.28,0.77
images/Dragon Brawl/Omen Dragon 1-2 RED.webp,172570,170088,168.53,166.10,2.42,1.44
images/Dragon Brawl/Sky Dragon 1-4 BLUE.webp,140724,139304,137.43,136.04,1.39,1.01
images/Dragon Brawl/Sky Dragon 1-4 RED.webp,143038,140940,139.69,137.64,2.05,1.47
images/Furious Fey/BaobhanSith.webp,45452,44540,44.39,43.50,0.89,2.01
images/Furious Fey/blue_baobhan_sith.Token.webp,42966,41926,41.96,40.94,1.02,2.42
images/Furious Fey/blue_dryad.Token.webp,50690,49208,49.50,48.05,1.45,2.92
images/Furious Fey/blue_elananx.Token.webp,57726,56584,56.37,55.26,1.12,1.98
images/Furious Fey/blue_lampad.Token.webp,44334,42910,43.29,41.90,1.39,3.21
images/Furious Fey/blue_mighty_fairie_dragon.Token.webp,52718,51164,51.48,49.96,1.52,2.95
images/Furious Fey/blue_naiad.Token.webp,50310,48908,49.13,47.76,1.37,2.79
images/Furious Fey/blue_pixie.Token.webp,52602,51222,51.37,50.02,1.35,2.62
images/Furious Fey/blue_redcap.Token.webp,51878,50980,50.66,49.79,0.88,1.73
images/Furious Fey/blue_satyr.Token.webp,47888,46576,46.77,45.48,1.28,2.74
images/Furious Fey/blue_unicorn.Token.webp,48520,47342,47.38,46.23,1.15,2.43
images/Furious Fey/Dryad.webp,248434,53306,242.61,52.06,190.55,78.54
images/Furious Fey/Elananx.webp,140048,114066,136.77,111.39,25.37,18.55
images/Furious Fey/Fey_Dragonet.webp,696470,66626,680.15,65.06,615.08,90.43
images/Furious Fey/Naiad.webp,283514,88150,276.87,86.08,190.79,68.91
images/Furious Fey/Nymph_Lampad.webp,76194,75242,74.41,73.48,0.93,1.25
images/Furious Fey/pixie.webp,262250,253810,256.10,247.86,8.24,3.22
images/Furious Fey/redcap.Token.webp,52406,51340,51.18,50.14,1.04,2.03
images/Furious Fey/Redcap.webp,50884,50010,49.69,48.84,0.85,1.72
images/Furious Fey/red_baobhan_sith.Token.webp,43758,42554,42.73,41.56,1.18,2.75
images/Furious Fey/red_dryad.Token.webp,52016,50208,50.80,49.03,1.77,3.48
images/Furious Fey/red_elananx.Token.webp,58812,57558,57.43,56.21,1.22,2.13
images/Furious Fey/red_lampad.Token.webp,42458,41312,41.46,40.34,1.12,2.70
images/Furious Fey/red_mighty_fairie_dragon.Token.webp,53352,52050,52.10,50.83,1.27,2.44
images/Furious Fey/red_naiad.Token.webp,52228,50580,51.00,49.39,1.61,3.16
images/Furious Fey/red_pixie.Token.webp,50494,49630,49.31,48.47,0.84,1.71
images/Furious Fey/red_satyr.Token.webp,47828,46362,46.71,45.28,1.43,3.07
images/Furious Fey/red_unicorn.Token.webp,49140,48042,47.99,46.92,1.07,2.23
images/Furious Fey/Satyr.webp,24378,24038,23.81,23.47,0.33,1.39
images/Furious Fey/Unicorn.webp,104038,76320,101.60,74.53,27.07,26.64
images/Gornlar/ashgut.Avatar.webp,41690,40730,40.71,39.78,0.94,2.30
images/Gornlar/ashgut.Token.webp,18480,16332,18.05,15.95,2.10,11.62
images/Gornlar/ashgut_t5_.Token.webp,18924,15934,18.48,15.56,2.92,15.80
images/Gornlar/blue_ashgut_t5_.Token.webp,24800,22106,24.22,21.59,2.63,10.86
images/Gornlar/brine_ashgut_t5_.Token.webp,23966,20080,23.40,19.61,3.79,16.21
images/Gornlar/crystal_fjordcarver_t5_.Token.webp,27668,24588,27.02,24.01,3.01,11.13
images/Gornlar/Dichotomous Valley_Small.webp,3737590,741556,3649.99,724.18,2925.81,80.16
images/Gornlar/DragonBlue_AncientBlueDragon.webp,122926,120072,120.04,117.26,2.79,2.32
images/Gornlar/DragonBrine.webp,49614,48442,48.45,47.31,1.14,2.36
images/Gornlar/DragonCrystal.webp,134972,133150,131.81,130.03,1.78,1.35
images/Gornlar/DragonImperial_Sea.webp,70106,68184,68.46,66.59,1.88,2.74
images/Gornlar/DragonImperial_Sovereign.webp,153590,149504,149.99,146.00,3.99,2.66
images/Gornlar/DragonUmbral (1).webp,72878,71810,71.17,70.13,1.04,1.47
images/Gornlar/fjordcarver.Avatar.webp,48118,47074,46.99,45.97,1.02,2.17
images/Gornlar/fjordcarver.Token.webp,20612,18170,20.13,17.74,2.38,11.85
images/Gornlar/fjordcarver_t5_.Token.webp,25516,22296,24.92,21.77,3.14,12.62
images/Gornlar/Gornlar Outpost.webp,5084818,2760330,4965.64,2695.63,2270.01,45.71
images/Gornlar/sea_fjordcarver_t5_.Token.webp,26886,23486,26.26,22.94,3.32,12.65
images/Ikouga/Ikouga_Outpost.webp,3058574,2218870,2986.89,2166.87,820.02,27.45
images/Ikouga/Ocean Basin Small_v2.webp,1790240,275692,1748.28,269.23,1479.05,84.60
images/Ikouga/scylladon_the_starbreaker.Avatar.webp,64624,61468,63.11,60.03,3.08,4.88
images/Ikouga/scylladon_the_starbreaker.Token.webp,24888,22884,24.30,22.35,1.96,8.05
images/Ikouga/tentacle.Avatar.webp,50542,43804,49.36,42.78,6.58,13.33
images/Ikouga/tentacle.Token.webp,17200,15036,16.80,14.68,2.11,12.58
images/Mentors/bard_tilly_greenfield.Avatar.webp,28892,28026,28.21,27.37,0.85,3.00
images/Mentors/bard_tilly_greenfield.Token.webp,18980,17516,18.54,17.11,1.43,7.71
images/Mentors/champion_jasra_of_the_el_hashim.Avatar.webp,22210,21652,21.69,21.14,0.54,2.51
images/Mentors/champion_jasra_of_the_el_hashim.Token.webp,18274,16914,17.85,16.52,1.33,7.44
images/Mentors/cleric_diallo.Avatar.webp,27142,26358,26.51,25.74,0.77,2.89
images/Mentors/cleric_diallo.Token.webp,21316,19730,20.82,19.27,1.55,7.44
images/Mentors/fighter_terry_von_riggard.Avatar.webp,21074,20488,20.58,20.01,0.57,2.78
images/Mentors/fighter_terry_von_riggard.Token.webp,19540,18192,19.08,17.77,1.32,6.90
images/Mentors/ranger_k_rook.Avatar.webp,20014,18910,19.54,18.47,1.08,5.52
images/Mentors/ranger_k_rook.Token.webp,20424,18858,19.95,18.42,1.53,7.67
images/Mentors/sorcerer_fire_eater.Avatar.webp,19694,17784,19.23,17.37,1.87,9.70
images/Mentors/sorcerer_fire_eater.Token.webp,20038,18088,19.57,17.66,1.90,9.73
images/Middlemist/ClingingShadows.webp,2307260,272696,2253.18,266.30,1986.88,88.18
images/Middlemist/clinging_shadows.Token.webp,23400,20052,22.85,19.58,3.27,14.31
images/Middlemist/hand_scaryleft.webp,45890,45536,44.81,44.47,0.35,0.77
images/Middlemist/hexagon_grid.webp,45522,45522,44.46,44.46,0.00,0.00
images/Middlemist/Hex_Grid_Shape.webp,129552,124742,126.52,121.82,4.70,3.71
images/Middlemist/Middlemist Base Camp.webp,509104,416672,497.17,406.91,90.27,18.16
images/Middlemist/Middlemist_-_Airship.webp,625384,361604,610.73,353.13,257.60,42.18
images/Middlemist/Middlemist_-_Darkness_Filter_Vertical2.webp,1347242,389676,1315.67,380.54,935.12,71.08
images/Middlemist/Redeye_Vehicle_Art.webp,325786,307482,318.15,300.28,17.88,5.62
images/Middlemist/Red_Eye_Vehicle.webp,754672,465616,736.98,454.70,282.28,38.30
images/Middlemist/shadowhead_nobrow.webp,38836,38472,37.93,37.57,0.36,0.94
images/Middlemist/trees-top-view-forest-1264329-wallhere.com.webp,983132,748506,960.09,730.96,229.13,23.87
images/Primrose/al_kujani_sultan_of_the_sky.Avatar.webp,20370,19238,19.89,18.79,1.11,5.56
images/Primrose/al_kujani_sultan_of_the_sky.Token.webp,21416,19098,20.91,18.65,2.26,10.82
images/Primrose/crystal_elemental.Avatar.webp,25700,25464,25.10,24.87,0.23,0.92
images/Primrose/crystal_elemental.Token.webp,20886,19238,20.40,18.79,1.61,7.89
images/Primrose/Duneveil Outpost.webp,2210458,942406,2158.65,920.32,1238.33,57.37
images/Primrose/Seat of the Sultan_v2.webp,1177382,504136,1149.79,492.32,657.47,57.18
images/Pudersno/goat_guard_t5_.Avatar.webp,51838,50816,50.62,49.63,1.00,1.97
images/Pudersno/goat_guard_t5_.Token.webp,42070,39804,41.08,38.87,2.21,5.39
images/Pudersno/goat_swarm.Token.webp,70972,69762,69.31,68.13,1.18,1.70
images/Pudersno/Goat_Swarm.webp,144510,142158,141.12,138.83,2.30,1.63
images/Pudersno/horned_glyph_t5_.Avatar.webp,78698,75530,76.85,73.76,3.09,4.03
images/Pudersno/horned_glyph_t5_.Token.webp,52388,50548,51.16,49.36,1.80,3.51
images/Pudersno/icemap30.webp,566306,541338,553.03,528.65,24.38,4.41
images/Pudersno/metal_shards.AvatarphCknxnmPjHsTU1U.webp,63206,60956,61.72,59.53,2.20,3.56
images/Pudersno/metal_shards.TokenphCknxnmPjHsTU1U.webp,45144,43442,44.09,42.42,1.66,3.77
images/Pudersno/Mpeshi lair b.webp,988216,593550,965.05,579.64,385.42,39.94
images/Pudersno/Mpeshi lair2 b.webp,1699728,1208286,1659.89,1179.97,479.92,28.91
images/Pudersno/Mpeshi_King.webp,63600,62694,62.11,61.22,0.88,1.42
images/Pudersno/mpeshi_king_t5_.Token.webp,66016,63982,64.47,62.48,1.99,3.08
images/Pudersno/Pudersno_Base.webp,137306,126800,134.09,123.83,10.26,7.65
images/Ratchethallow/Ratchethallow_Camp.webp,226484,218566,221.18,213.44,7.73,3.50
images/Ratchethallow/RatchetPillar.webp,8276,8044,8.08,7.86,0.23,2.80
images/Ratchethallow/TheLordOfGears.webp,65766,14644,64.22,14.30,49.92,77.73
images/Ratchethallow/TheLordOfGearsWorkshop.webp,1612906,566982,1575.10,553.69,1021.41,64.85
images/Secrets/air.Avatar.webp,14056,12982,13.73,12.68,1.05,7.64
images/Secrets/air.Token.webp,4608,3948,4.50,3.86,0.64,14.32
images/Secrets/beast.Avatar.webp,14310,13520,13.97,13.20,0.77,5.52
images/Secrets/beast.Token.webp,4748,4082,4.64,3.99,0.65,14.03
images/Secrets/death.Avatar.webp,14274,13300,13.94,12.99,0.95,6.82
images/Secrets/death.Token.webp,4634,3998,4.53,3.90,0.62,13.72
images/Secrets/dragon.Avatar.webp,14546,13614,14.21,13.29,0.91,6.41
images/Secrets/dragon.Token.webp,4762,4108,4.65,4.01,0.64,13.73
images/Secrets/emotion.Avatar.webp,14426,13408,14.09,13.09,0.99,7.06
images/Secrets/emotion.Token.webp,4676,4046,4.57,3.95,0.62,13.47
images/Secrets/forge.Avatar.webp,14052,13226,13.72,12.92,0.81,5.88
images/Secrets/forge.Token.webp,4648,4040,4.54,3.95,0.59,13.08
images/Secrets/life.Avatar.webp,14578,13634,14.24,13.31,0.92,6.48
images/Secrets/life.Token.webp,4810,4130,4.70,4.03,0.66,14.14
images/Secrets/luck.Avatar.webp,14238,13358,13.90,13.04,0.86,6.18
images/Secrets/luck.Token.webp,4604,3988,4.50,3.89,0.60,13.38
images/Secrets/mind.Avatar.webp,14122,13186,13.79,12.88,0.91,6.63
images/Secrets/mind.Token.webp,4710,4056,4.60,3.96,0.64,13.89
images/Secrets/shadow.Avatar.webp,13976,13014,13.65,12.71,0.94,6.88
images/Secrets/shadow.Token.webp,4584,3936,4.48,3.84,0.63,14.14
images/Taltain/councilor_belle.Token.webp,30584,28764,29.87,28.09,1.78,5.95
images/Taltain/councilor_carloni.Token.webp,29198,27394,28.51,26.75,1.76,6.18
images/Taltain/councilor_darkscale.Token.webp,30778,29020,30.06,28.34,1.72,5.71
images/Taltain/councilor_ferdi.Token.webp,31454,29580,30.72,28.89,1.83,5.96
images/Taltain/councilor_fiola.Token.webp,34478,33390,33.67,32.61,1.06,3.16
images/Taltain/councilor_oster.Token.webp,30742,29034,30.02,28.35,1.67,5.56
images/Taltain/councilor_rodney.Token.webp,32096,30924,31.34,30.20,1.14,3.65
images/Taltain/councilor_trislyr.Token.webp,32040,30628,31.29,29.91,1.38,4.41
images/Taltain/explosive_zombie.Token.webp,21360,18356,20.86,17.93,2.93,14.06
images/Taltain/Taltain Outpost.webp,1616202,1298810,1578.32,1268.37,309.95,19.64
images/Taltain/The Quinate Small.webp,824262,820050,804.94,800.83,4.11,0.51
images/Taltain/the_assembled_council_of_taltain.Avatar.webp,31002,29834,30.28,29.13,1.14,3.77
images/Taltain/the_assembled_council_of_taltain.Token.webp,27382,24790,26.74,24.21,2.53,9.47
images/Taltain/Zombie_SulfurZombie (1).webp,175612,170244,171.50,166.25,5.24,3.06
images/Varceta/balista.webp,256146,61514,250.14,60.07,190.07,75.98
images/Varceta/Black X.png,25378,11056,24.78,10.80,13.99,56.43
images/Varceta/eem_the_spirit_returned.Avatar.webp,64992,63708,63.47,62.21,1.25,1.98
images/Varceta/eem_the_spirit_returned.Token.webp,34956,33856,34.14,33.06,1.07,3.15
images/Varceta/Fixed Shark Diver Inside Diagram.webp,63316,63640,61.83,62.15,-0.32,-0.51
images/Varceta/Open Scroll.png,3169537,68390,3095.25,66.79,3028.46,97.84
images/Varceta/paltry_trinkets.Avatar.webp,64992,63708,63.47,62.21,1.25,1.98
images/Varceta/paltry_trinkets.Token.webp,41804,40756,40.82,39.80,1.02,2.51
images/Varceta/reaper minion token.webp,42418,38896,41.42,37.98,3.44,8.30
images/Varceta/reaper token.webp,54476,51266,53.20,50.06,3.13,5.89
images/Varceta/Reaper.webp,83744,82492,81.78,80.56,1.22,1.50
images/Varceta/Reaper_Minion.webp,57086,55856,55.75,54.55,1.20,2.15
images/Varceta/Shark Diver Token.webp,108464,113890,105.92,111.22,-5.30,-5.00
images/Varceta/Shark_Diver_Inside_Diagram.webp,85612,52334,83.61,51.11,32.50,38.87
images/Varceta/traseem_the_great_seabird.Avatar.webp,64992,63708,63.47,62.21,1.25,1.98
images/Varceta/traseem_the_great_seabird.Token.webp,28438,27620,27.77,26.97,0.80,2.88
images/Varceta/tras_the_body_reborn.Avatar.webp,64992,63708,63.47,62.21,1.25,1.98
images/Varceta/tras_the_body_reborn.Token.webp,34730,33458,33.92,32.67,1.24,3.66
images/Varceta/Varceta B Updated.webp,7748380,948256,7566.78,926.03,6640.75,87.76
images/Varceta/Varceta B.webp,1127418,1082366,1100.99,1057.00,44.00,4.00
images/Varceta/Varceta Camp Final.webp,8054300,995594,7865.53,972.26,6893.27,87.64
images/Varceta/Varceta Finale.webp,2718116,1202820,2654.41,1174.63,1479.78,55.75
images/Verndhelt/ADVANCED.webp,23626,22302,23.07,21.78,1.29,5.60
images/Verndhelt/ADVANCED2.webp,30114,28992,29.41,28.31,1.10,3.73
images/Verndhelt/BASIC.webp,23956,22516,23.39,21.99,1.41,6.01
images/Verndhelt/BASIC2.webp,23956,22516,23.39,21.99,1.41,6.01
images/Verndhelt/erinys.Avatar.webp,59216,58114,57.83,56.75,1.08,1.86
images/Verndhelt/erinys.Token.webp,34958,32966,34.14,32.19,1.95,5.70
images/Verndhelt/gylou.Avatar.webp,45768,44378,44.70,43.34,1.36,3.04
images/Verndhelt/gylou.Token.webp,32736,30828,31.97,30.11,1.86,5.83
images/Verndhelt/hamatula.Avatar.webp,58370,56810,57.00,55.48,1.52,2.67
images/Verndhelt/hamatula.Token.webp,33384,31594,32.60,30.85,1.75,5.36
images/Verndhelt/influenceblock.png,127794,115262,124.80,112.56,12.24,9.81
images/Verndhelt/legion_archon.Avatar.webp,32004,30932,31.25,30.21,1.05,3.35
images/Verndhelt/legion_archon.Token.webp,39420,38202,38.50,37.31,1.19,3.09
images/Verndhelt/shield_archon.Avatar.webp,43754,42508,42.73,41.51,1.22,2.85
images/Verndhelt/shield_archon.Token.webp,40608,39488,39.66,38.56,1.09,2.76
images/Verndhelt/Solarius_Angel_Red.webp,9531570,371572,9308.17,362.86,8945.31,96.10
images/Verndhelt/Solarius_Token.webp,47254,45260,46.15,44.20,1.95,4.22
images/Verndhelt/trumpet_archon.Avatar.webp,35016,33704,34.20,32.91,1.28,3.75
images/Verndhelt/trumpet_archon.Token.webp,37628,36436,36.75,35.58,1.16,3.17
images/Verndhelt/Verndhelt-Mission-C-Map.webp,2386186,219112,2330.26,213.98,2116.28,90.82
images/Verndhelt/VerndheltToken.png,70866,19740,69.21,19.28,49.93,72.14
images/Verndhelt/Verndhelt_Basecamp.webp,1139458,1006572,1112.75,982.98,129.77,11.66
images/Verndhelt/Vernheldt_Finale.webp,962518,519474,939.96,507.30,432.66,46.03
images/Verndhelt/Yazeri_Full.webp,322512,315916,314.95,308.51,6.44,2.05
images/Verndhelt/Yazeri_Token.webp,305506,298232,298.35,291.24,7.10,2.38
images/Whitespire/A_Friendly_Dwarf2.webp,143740,142914,140.37,139.56,0.81,0.57
images/Whitespire/Drill_topDownGigaMetalFinal.webp,219232,203498,214.09,198.73,15.37,7.18
images/Whitespire/LAVA.webp,2036434,372124,1988.71,363.40,1625.30,81.73
images/Whitespire/Minecart_Fullof_GIGA_METAL.webp,37610,36408,36.73,35.55,1.17,3.20
images/Whitespire/Spirit_Priest.webp,71188,69620,69.52,67.99,1.53,2.20
images/Whitespire/stonewrought den final.webp,372544,263348,363.81,257.18,106.64,29.31
images/Whitespire/stonewyrm art full.png,528012,82560,515.64,80.63,435.01,84.36
images/Whitespire/stonewyrm token final.png,2096071,323348,2046.94,315.77,1731.17,84.57
images/Whitespire/straight shot.webp,1384432,338850,1351.98,330.91,1021.08,75.52
images/Whitespire/Switchbacks.webp,929462,266406,907.68,260.16,647.52,71.34
images/Whitespire/Twisty.webp,1371780,309200,1339.63,301.95,1037.68,77.46
images/Whitespire/Water_Water_Everywhere.webp,1920914,361996,1875.89,353.51,1522.38,81.16
images/Whitespire/whitespire20camp.webp,1178390,1154340,1150.77,1127.29,23.49,2.04
images/Verndhelt/Advanced Clauses THEN/240x1520.webp,9706,9050,9.48,8.84,0.64,6.76
images/Verndhelt/Advanced Clauses THEN/igainsanctuary.webp,33452,32362,32.67,31.60,1.06,3.26
images/Verndhelt/Advanced Clauses THEN/ihealandremovenegativeeffects.webp,35700,34510,34.86,33.70,1.16,3.33
images/Verndhelt/Advanced Clauses THEN/ImayteleportthenStrike.webp,33050,32118,32.28,31.37,0.91,2.82
images/Verndhelt/Advanced Clauses THEN/Isummonanally.webp,36974,35846,36.11,35.01,1.10,3.05
images/Verndhelt/Advanced Clauses THEN/youandallofmyenemiesadjacenttoyoutakedamage.webp,36808,35688,35.95,34.85,1.09,3.04
images/Verndhelt/Advanced Clauses THEN/youareeffectedbyboneshaker.webp,27730,26766,27.08,26.14,0.94,3.48
images/Verndhelt/Advanced Clauses THEN/youbecomeconfused.webp,32202,31004,31.45,30.28,1.17,3.72
images/Verndhelt/Advanced Clauses THEN/youbecomefleeing.webp,31262,30320,30.53,29.61,0.92,3.01
images/Verndhelt/Advanced Clauses THEN/yougainnegativehealing.webp,39488,38296,38.56,37.40,1.16,3.02
images/Verndhelt/Advanced Clauses THEN/yougaintheeffectofpestform.webp,43454,42288,42.44,41.30,1.14,2.68
images/Verndhelt/Advanced Clauses THEN/yourspeedsarereduced.webp,36296,34978,35.45,34.16,1.29,3.63
images/Verndhelt/Advanced Clauses THEN/youtakepersistentbleed.webp,36028,34918,35.18,34.10,1.08,3.08
images/Verndhelt/Advanced Clauses IF/240x1776.webp,10040,8804,9.80,8.60,1.21,12.31
images/Verndhelt/Advanced Clauses IF/youeatordrinksomething.webp,32774,31454,32.01,30.72,1.29,4.03
images/Verndhelt/Advanced Clauses IF/youendyourturnadjacent.webp,29342,28028,28.65,27.37,1.28,4.48
images/Verndhelt/Advanced Clauses IF/youhealoneofmyotherenemies.webp,28474,27162,27.81,26.53,1.28,4.61
images/Verndhelt/Advanced Clauses IF/youhealyourself.webp,25262,24024,24.67,23.46,1.21,4.90
images/Verndhelt/Advanced Clauses IF/youkilloneofmyallies.webp,30794,29292,30.07,28.61,1.47,4.88
images/Verndhelt/Advanced Clauses IF/youoryoureffectcausemetobecomegrabbed.webp,37376,36038,36.50,35.19,1.31,3.58
images/Verndhelt/Advanced Clauses IF/youstartandendyourturn.webp,30094,28510,29.39,27.84,1.55,5.26
images/Verndhelt/Advanced Clauses IF/youuseareaction.webp,24152,22892,23.59,22.36,1.23,5.22
images/Verndhelt/Basic Clauses IF/240x1776 (1).webp,10040,8804,9.80,8.60,1.21,12.31
images/Verndhelt/Basic Clauses IF/youActivateanItem.webp,26894,25750,26.26,25.15,1.12,4.25
images/Verndhelt/Basic Clauses IF/youattemptaskillcheck.webp,31748,30070,31.00,29.37,1.64,5.29
images/Verndhelt/Basic Clauses IF/youCastaSpell.webp,23380,21922,22.83,21.41,1.42,6.24
images/Verndhelt/Basic Clauses IF/youcriticallysucceed.webp,47942,46226,46.82,45.14,1.68,3.58
images/Verndhelt/Basic Clauses IF/youInteract.webp,19968,18632,19.50,18.20,1.30,6.69
images/Verndhelt/Basic Clauses IF/yourecievehealing.webp,26862,25472,26.23,24.88,1.36,5.17
images/Verndhelt/Basic Clauses IF/youStrike.webp,19044,17754,18.60,17.34,1.26,6.77
images/Verndhelt/Basic Clauses THEN/240x1520 (1).webp,9706,9050,9.48,8.84,0.64,6.76
images/Verndhelt/Basic Clauses THEN/IgainacircimstancebonustoAC.webp,34892,33728,34.07,32.94,1.14,3.34
images/Verndhelt/Basic Clauses THEN/Iheal.webp,24076,23264,23.51,22.72,0.79,3.37
images/Verndhelt/Basic Clauses THEN/ImeleeStrike.webp,28736,27596,28.06,26.95,1.11,3.97
images/Verndhelt/Basic Clauses THEN/youareaffectedbytanglefoot.webp,33566,32476,32.78,31.71,1.06,3.25
images/Verndhelt/Basic Clauses THEN/youbecomeoffguard.webp,24302,23246,23.73,22.70,1.03,4.35
images/Verndhelt/Basic Clauses THEN/youbecomesickened.webp,44116,43058,43.08,42.05,1.03,2.40
images/Verndhelt/Basic Clauses THEN/youtaketierdamage.webp,25552,24584,24.95,24.01,0.95,3.79